<?xml version="1.0" encoding="UTF-8"?>
<customWmsMapSource>
    <name>01 Kartverket Topo N50</name>
    <version>1.3.0</version>
    <minZoom>0</minZoom>
    <maxZoom>22</maxZoom>
    <tileType>png</tileType>
    <url>http://openwms.statkart.no/skwms1/wms.topo4?</url>
    <coordinatesystem>EPSG:3857</coordinatesystem>
    <layers>topo4_WMS</layers>
    <styles></styles>
    <north>7976800.0</north>
    <east>1145510.0</east>
    <south>6377920.0</south>
    <west>-127998.0</west>
    <backgroundColor>#000000</backgroundColor>
    <aditionalparameters>&amp;transparent=true</aditionalparameters>
</customWmsMapSource>
