<MissionPackageManifest version="2">
   <Configuration>
      <Parameter name="uid" value="ASN-TAK"/>
      <Parameter name="name" value="Airsoftnorge.com standard ATAK oppsett"/>
      <Parameter name="onReceiveDelete" value="false"/>
   </Configuration>
   <Contents>
      <!-- Alle filer som ikke er deklarert her vil bli ignorert! -->
      <Content ignore="false" zipEntry="content/yellowteam.pref"/>
      <Content ignore="false" zipEntry="content/blueteam.pref"/>
      <Content ignore="false" zipEntry="content/redteam.pref"/>
      <Content ignore="false" zipEntry="content/ESRI_Clarity_world_beta.xml"/>
      <Content ignore="false" zipEntry="content/opentopo.xml"/>
      <Content ignore="false" zipEntry="content/ESRI_Clarity_World_Imagery.xml"/>
      <Content ignore="false" zipEntry="content/Google_Hybrid.xml"/>
      <Content ignore="false" zipEntry="content/ASN-defaults.pref"/>
      <Content ignore="false" zipEntry="content/Kartverket.xml"/>
      <Content ignore="false" zipEntry="content/ASN-TAK.p12"/>
      <Content ignore="false" zipEntry="content/server.p12"/>
      <Content ignore="false" zipEntry="content/UT.xml"/>
      <Content ignore="false" zipEntry="content/Eniro.xml"/>
      <Content ignore="false" zipEntry="content/MapBoxCustom.xml"/>
      <Content ignore="false" zipEntry="content/UTgraatone.xml"/>
      <Content ignore="false" zipEntry="content/UTpapermap.xml"/>
   </Contents>
</MissionPackageManifest>
